"group","area","intensity"
"wt",0.007018,361.11
"wt",0.004937,472.12
"KO",0.006305,736.67
"KO",0.007287,813.6
