"group","area","intensity"
"wt",0.004716,469.34
"wt",0.002344,321.87
"KO",0.00256,732.81
"KO",0.00632,871.47
