"group","area","intensity"
"wt",0.006895,546.01
"wt",0.00457,436
"KO",0.004743,795.55
"KO",0.003237,820.48
