"group","area","intensity"
"wt",0.006371,540.43
"wt",0.004435,489.39
"KO",0.005363,901.15
"KO",0.005633,740.53
