"group","area","intensity"
"wt",0.006035,421.55
"wt",0.004391,414.91
"KO",0.005505,508.58
"KO",0.003283,753.61
